age,sex,on_thyroxine,query_hypothyroid,TSH,T3,TT4,T4U,FTI,target
41,F,0,0,1.30,2.50,125,1.14,109,negative
23,F,0,0,4.10,2.00,102,1.00,102,negative
46,M,0,0,0.98,1.90,109,0.91,120,negative
70,F,1,0,0.16,1.20,175,1.16,151,hyperthyroid
70,F,0,0,0.72,1.20,61,0.87,70,negative
18,F,0,0,2.40,1.90,183,1.26,145,negative
59,F,0,0,31.5,0.60,61,0.87,70,hypothyroid
80,F,0,0,3.00,1.20,80,0.70,114,negative
66,F,0,1,0.72,2.20,123,0.93,132,negative
68,M,0,0,0.02,2.30,159,1.03,154,hyperthyroid
62,M,0,0,145.0,0.40,42,0.74,56,hypothyroid
54,F,1,0,1.90,1.60,101,0.94,107,negative
76,F,0,0,0.01,3.00,191,1.35,141,hyperthyroid
28,M,0,0,2.00,1.90,109,0.96,114,negative
32,F,0,0,65.0,0.70,58,0.80,72,hypothyroid
45,F,0,0,1.10,2.00,112,1.05,107,negative
52,M,0,0,0.05,2.60,170,1.20,142,hyperthyroid
39,F,0,0,2.80,1.80,98,0.97,101,negative
60,F,0,1,0.85,2.10,118,1.02,116,negative
71,M,0,0,88.0,0.50,49,0.78,63,hypothyroid
